1,옛날사람1,ACTIVE,2021-01-02T20:25:53.787460
2,옛날사람2,ACTIVE,2021-01-02T20:25:53.787525
3,옛날사람3,ACTIVE,2021-01-02T20:25:53.787537
4,옛날사람4,ACTIVE,2021-01-02T20:25:53.787544
5,옛날사람5,ACTIVE,2021-01-02T20:25:53.787550
6,옛날사람6,ACTIVE,2021-01-02T20:25:53.787555
7,옛날사람7,ACTIVE,2021-01-02T20:25:53.787560
8,옛날사람8,ACTIVE,2021-01-02T20:25:53.787565
9,옛날사람9,ACTIVE,2021-01-02T20:25:53.787569
10,옛날사람10,ACTIVE,2021-01-02T20:25:53.787575
11,옛날사람11,ACTIVE,2021-01-02T20:25:53.787580
12,옛날사람12,ACTIVE,2021-01-02T20:25:53.787585
13,옛날사람13,ACTIVE,2021-01-02T20:25:53.787590
14,옛날사람14,ACTIVE,2021-01-02T20:25:53.787595
15,옛날사람15,ACTIVE,2021-01-02T20:25:53.787600
16,옛날사람16,ACTIVE,2021-01-02T20:25:53.787605
17,옛날사람17,ACTIVE,2021-01-02T20:25:53.787611
18,옛날사람18,ACTIVE,2021-01-02T20:25:53.787622
19,옛날사람19,ACTIVE,2021-01-02T20:25:53.787629
20,옛날사람20,ACTIVE,2021-01-02T20:25:53.787634
21,옛날사람21,ACTIVE,2021-01-02T20:25:53.787639
22,옛날사람22,ACTIVE,2021-01-02T20:25:53.787644
23,옛날사람23,ACTIVE,2021-01-02T20:25:53.787650
24,옛날사람24,ACTIVE,2021-01-02T20:25:53.787656
25,옛날사람25,ACTIVE,2021-01-02T20:25:53.787661
26,옛날사람26,ACTIVE,2021-01-02T20:25:53.787666
27,옛날사람27,ACTIVE,2021-01-02T20:25:53.787671
28,옛날사람28,ACTIVE,2021-01-02T20:25:53.787676
29,옛날사람29,ACTIVE,2021-01-02T20:25:53.787682
30,옛날사람30,ACTIVE,2021-01-02T20:25:53.787687
31,최근사람31,ACTIVE,2022-01-02T20:25:53.787964
32,최근사람32,ACTIVE,2022-01-02T20:25:53.787996
33,최근사람33,ACTIVE,2022-01-02T20:25:53.788002
34,최근사람34,ACTIVE,2022-01-02T20:25:53.788007
35,최근사람35,ACTIVE,2022-01-02T20:25:53.788013
36,최근사람36,ACTIVE,2022-01-02T20:25:53.788018
37,최근사람37,ACTIVE,2022-01-02T20:25:53.788022
38,최근사람38,ACTIVE,2022-01-02T20:25:53.788026
39,최근사람39,ACTIVE,2022-01-02T20:25:53.788030
40,최근사람40,ACTIVE,2022-01-02T20:25:53.788035
41,최근사람41,ACTIVE,2022-01-02T20:25:53.788039
42,최근사람42,ACTIVE,2022-01-02T20:25:53.788043
43,최근사람43,ACTIVE,2022-01-02T20:25:53.788047
44,최근사람44,ACTIVE,2022-01-02T20:25:53.788051
45,최근사람45,ACTIVE,2022-01-02T20:25:53.788062
46,최근사람46,ACTIVE,2022-01-02T20:25:53.788067
47,최근사람47,ACTIVE,2022-01-02T20:25:53.788071
48,최근사람48,ACTIVE,2022-01-02T20:25:53.788075
49,최근사람49,ACTIVE,2022-01-02T20:25:53.788081
50,최근사람50,ACTIVE,2022-01-02T20:25:53.788085
51,최근사람51,ACTIVE,2022-01-02T20:25:53.788089
52,최근사람52,ACTIVE,2022-01-02T20:25:53.788093
53,최근사람53,ACTIVE,2022-01-02T20:25:53.788098
54,최근사람54,ACTIVE,2022-01-02T20:25:53.788102
55,최근사람55,ACTIVE,2022-01-02T20:25:53.788107
56,최근사람56,ACTIVE,2022-01-02T20:25:53.788111
57,최근사람57,ACTIVE,2022-01-02T20:25:53.788115
58,최근사람58,ACTIVE,2022-01-02T20:25:53.788119
59,최근사람59,ACTIVE,2022-01-02T20:25:53.788124
60,최근사람60,ACTIVE,2022-01-02T20:25:53.788128
61,최근사람61,ACTIVE,2022-01-02T20:25:53.788132
62,최근사람62,ACTIVE,2022-01-02T20:25:53.788137
63,최근사람63,ACTIVE,2022-01-02T20:25:53.788141
64,최근사람64,ACTIVE,2022-01-02T20:25:53.788145
65,최근사람65,ACTIVE,2022-01-02T20:25:53.788149
66,최근사람66,ACTIVE,2022-01-02T20:25:53.788153
67,최근사람67,ACTIVE,2022-01-02T20:25:53.788157
68,최근사람68,ACTIVE,2022-01-02T20:25:53.788161
69,최근사람69,ACTIVE,2022-01-02T20:25:53.788166
70,최근사람70,ACTIVE,2022-01-02T20:25:53.788170
71,최근사람71,ACTIVE,2022-01-02T20:25:53.788174
72,최근사람72,ACTIVE,2022-01-02T20:25:53.788179
73,최근사람73,ACTIVE,2022-01-02T20:25:53.788183
74,최근사람74,ACTIVE,2022-01-02T20:25:53.788187
75,최근사람75,ACTIVE,2022-01-02T20:25:53.788192
76,최근사람76,ACTIVE,2022-01-02T20:25:53.788196
77,최근사람77,ACTIVE,2022-01-02T20:25:53.788200
78,최근사람78,ACTIVE,2022-01-02T20:25:53.788204
79,최근사람79,ACTIVE,2022-01-02T20:25:53.788208
80,최근사람80,ACTIVE,2022-01-02T20:25:53.788212
81,최근사람81,ACTIVE,2022-01-02T20:25:53.788217
82,최근사람82,ACTIVE,2022-01-02T20:25:53.788221
83,최근사람83,ACTIVE,2022-01-02T20:25:53.788225
84,최근사람84,ACTIVE,2022-01-02T20:25:53.788229
85,최근사람85,ACTIVE,2022-01-02T20:25:53.788234
86,최근사람86,ACTIVE,2022-01-02T20:25:53.788238
87,최근사람87,ACTIVE,2022-01-02T20:25:53.788242
88,최근사람88,ACTIVE,2022-01-02T20:25:53.788246
89,최근사람89,ACTIVE,2022-01-02T20:25:53.788250
90,최근사람90,ACTIVE,2022-01-02T20:25:53.788257
91,최근사람91,ACTIVE,2022-01-02T20:25:53.788346
92,최근사람92,ACTIVE,2022-01-02T20:25:53.788415
93,최근사람93,ACTIVE,2022-01-02T20:25:53.788513
94,최근사람94,ACTIVE,2022-01-02T20:25:53.788581
95,최근사람95,ACTIVE,2022-01-02T20:25:53.788644
96,최근사람96,ACTIVE,2022-01-02T20:25:53.788687
97,최근사람97,ACTIVE,2022-01-02T20:25:53.788693
98,최근사람98,ACTIVE,2022-01-02T20:25:53.788698
99,최근사람99,ACTIVE,2022-01-02T20:25:53.788743
100,최근사람100,ACTIVE,2022-01-02T20:25:53.788752
